{
  "hash": "d0ea2f90",
  "configHash": "d47db67e",
  "lockfileHash": "7a0ba089",
  "browserHash": "ba40b2c8",
  "optimized": {
    "@angular/common": {
      "src": "../../../../../node_modules/@angular/common/fesm2022/common.mjs",
      "file": "@angular_common.js",
      "fileHash": "f27f5ceb",
      "needsInterop": false
    },
    "@angular/common/http": {
      "src": "../../../../../node_modules/@angular/common/fesm2022/http.mjs",
      "file": "@angular_common_http.js",
      "fileHash": "8baeac05",
      "needsInterop": false
    },
    "@angular/core": {
      "src": "../../../../../node_modules/@angular/core/fesm2022/core.mjs",
      "file": "@angular_core.js",
      "fileHash": "d3733f1d",
      "needsInterop": false
    },
    "@angular/platform-browser": {
      "src": "../../../../../node_modules/@angular/platform-browser/fesm2022/platform-browser.mjs",
      "file": "@angular_platform-browser.js",
      "fileHash": "29d4e313",
      "needsInterop": false
    },
    "@angular/platform-browser/animations/async": {
      "src": "../../../../../node_modules/@angular/platform-browser/fesm2022/animations/async.mjs",
      "file": "@angular_platform-browser_animations_async.js",
      "fileHash": "17252656",
      "needsInterop": false
    },
    "@angular/router": {
      "src": "../../../../../node_modules/@angular/router/fesm2022/router.mjs",
      "file": "@angular_router.js",
      "fileHash": "62366ca3",
      "needsInterop": false
    },
    "@ng-bootstrap/ng-bootstrap": {
      "src": "../../../../../node_modules/@ng-bootstrap/ng-bootstrap/fesm2022/ng-bootstrap.mjs",
      "file": "@ng-bootstrap_ng-bootstrap.js",
      "fileHash": "fbd7a12e",
      "needsInterop": false
    },
    "angularx-qrcode": {
      "src": "../../../../../node_modules/angularx-qrcode/fesm2022/angularx-qrcode.mjs",
      "file": "angularx-qrcode.js",
      "fileHash": "b55d05df",
      "needsInterop": false
    },
    "jwt-decode": {
      "src": "../../../../../node_modules/jwt-decode/build/esm/index.js",
      "file": "jwt-decode.js",
      "fileHash": "6fc69a81",
      "needsInterop": false
    },
    "keycloak-angular": {
      "src": "../../../../../node_modules/keycloak-angular/fesm2022/keycloak-angular.mjs",
      "file": "keycloak-angular.js",
      "fileHash": "f76a24f8",
      "needsInterop": false
    }
  },
  "chunks": {
    "browser-Z6TI4CEI": {
      "file": "browser-Z6TI4CEI.js"
    },
    "chunk-DAF2XND5": {
      "file": "chunk-DAF2XND5.js"
    },
    "chunk-252OAOUE": {
      "file": "chunk-252OAOUE.js"
    },
    "chunk-XGK4THRG": {
      "file": "chunk-XGK4THRG.js"
    },
    "chunk-JTZHG3H7": {
      "file": "chunk-JTZHG3H7.js"
    },
    "chunk-ILEMFMDO": {
      "file": "chunk-ILEMFMDO.js"
    },
    "chunk-ASLTLD6L": {
      "file": "chunk-ASLTLD6L.js"
    }
  }
}